{
  "GetBookingIds" : {
    "transaction" : "GetBookingIds",
    "sampleCount" : 9223,
    "errorCount" : 9223,
    "errorPct" : 100.0,
    "meanResTime" : 0.0,
    "medianResTime" : 0.0,
    "minResTime" : 0.0,
    "maxResTime" : 0.0,
    "pct1ResTime" : 0.0,
    "pct2ResTime" : 0.0,
    "pct3ResTime" : 0.0,
    "throughput" : 156.82973694502542,
    "receivedKBytesPerSec" : 188.37946918201297,
    "sentKBytesPerSec" : 0.0
  },
  "Total" : {
    "transaction" : "Total",
    "sampleCount" : 55341,
    "errorCount" : 36891,
    "errorPct" : 66.66125,
    "meanResTime" : 5.338772338772353,
    "medianResTime" : 7.0,
    "minResTime" : 0.0,
    "maxResTime" : 1059.0,
    "pct1ResTime" : 9.0,
    "pct2ResTime" : 9.0,
    "pct3ResTime" : 12.0,
    "throughput" : 923.7972824091077,
    "receivedKBytesPerSec" : 826.3837303442059,
    "sentKBytesPerSec" : 207.20494334352986
  },
  "GetBooking" : {
    "transaction" : "GetBooking",
    "sampleCount" : 9221,
    "errorCount" : 9221,
    "errorPct" : 100.0,
    "meanResTime" : 1.0844810758052278E-4,
    "medianResTime" : 0.0,
    "minResTime" : 0.0,
    "maxResTime" : 1.0,
    "pct1ResTime" : 0.0,
    "pct2ResTime" : 0.0,
    "pct3ResTime" : 0.0,
    "throughput" : 156.80906060812188,
    "receivedKBytesPerSec" : 183.76061790014285,
    "sentKBytesPerSec" : 0.0
  },
  "CreateToken" : {
    "transaction" : "CreateToken",
    "sampleCount" : 18450,
    "errorCount" : 0,
    "errorPct" : 0.0,
    "meanResTime" : 8.113983739837419,
    "medianResTime" : 8.0,
    "minResTime" : 7.0,
    "maxResTime" : 1059.0,
    "pct1ResTime" : 9.0,
    "pct2ResTime" : 9.0,
    "pct3ResTime" : 12.0,
    "throughput" : 307.98250592595065,
    "receivedKBytesPerSec" : 232.35947254865957,
    "sentKBytesPerSec" : 74.58951315394117
  },
  "CreateBooking" : {
    "transaction" : "CreateBooking",
    "sampleCount" : 18447,
    "errorCount" : 18447,
    "errorPct" : 100.0,
    "meanResTime" : 7.900959505610693,
    "medianResTime" : 8.0,
    "minResTime" : 7.0,
    "maxResTime" : 27.0,
    "pct1ResTime" : 9.0,
    "pct2ResTime" : 9.0,
    "pct3ResTime" : 12.0,
    "throughput" : 313.5218736190897,
    "receivedKBytesPerSec" : 232.86565840740678,
    "sentKBytesPerSec" : 135.02260377540875
  }
}